{"train_loss": [0.6945393779595693, 0.3231904174168905, 0.2530078978856405, 0.20852378856341044, 0.17745613303979238, 0.1535713766415914, 0.13494166914224626, 0.12029788709084192, 0.10799020373423894, 0.09785314929485321], "train_acc_main": [0.86725, 0.9291166666666667, 0.94305, 0.9537666666666667, 0.9601833333333334, 0.9659, 0.9703333333333334, 0.9743666666666667, 0.9770833333333333, 0.9788833333333333], "train_acc_aux": [0.8828333333333334, 0.9522, 0.9636333333333333, 0.9704666666666667, 0.9741833333333333, 0.9771333333333333, 0.9794, 0.981, 0.98195, 0.9834333333333334], "test_loss": [0.3628934436798096, 0.2737435040473938, 0.22725973780155181, 0.19608096673488618, 0.16914967448115348, 0.1529687408387661, 0.14331958189308644, 0.13428623513430357, 0.12412498303353786, 0.11909405719637871], "test_acc_main": [0.9218, 0.9391, 0.9466, 0.9542, 0.961, 0.9657, 0.9678, 0.9691, 0.9722, 0.9731], "test_acc_aux": [0.9378, 0.958, 0.9673, 0.9697, 0.9746, 0.9777, 0.9784, 0.9791, 0.9804, 0.9809], "elapsed": 114.89938044548035}