{"train_loss": [0.5300081320603689, 0.2529779927889506, 0.18637040651241937, 0.14614998943805693, 0.12055469034910202, 0.1020635121623675, 0.08733915896316369, 0.07625301217238108, 0.06649695287346839, 0.05861756314635277], "train_acc_main": [0.8920833333333333, 0.9430666666666667, 0.9578833333333333, 0.9665333333333334, 0.97355, 0.9776833333333333, 0.98105, 0.98375, 0.9861166666666666, 0.9882333333333333], "train_acc_aux": [0.9097333333333333, 0.9619166666666666, 0.9710333333333333, 0.9769, 0.9796833333333334, 0.98175, 0.9843333333333333, 0.9852833333333333, 0.98665, 0.9879833333333333], "test_loss": [0.29035504541397095, 0.21255837154388427, 0.1725625332713127, 0.14879725261330604, 0.1273003190666437, 0.1188634073317051, 0.11185909714847803, 0.10734345645457506, 0.10488374298159032, 0.101443907068111], "test_acc_main": [0.9335, 0.9507, 0.9614, 0.9668, 0.9704, 0.9737, 0.9757, 0.9753, 0.9764, 0.9769], "test_acc_aux": [0.955, 0.9664, 0.9739, 0.9752, 0.9788, 0.9809, 0.9815, 0.9817, 0.9821, 0.9826], "elapsed": 127.22295928001404}