{"train_loss": [0.6984632840951284, 0.3353925060828527, 0.2580561461607615, 0.21167180314858755, 0.18025364391803742, 0.1574847718000412, 0.13867609279155732, 0.12362666767438253, 0.11116224972009658, 0.10018039249579112], "train_acc_main": [0.86875, 0.9272333333333334, 0.9425333333333333, 0.95235, 0.9600333333333333, 0.96565, 0.9698833333333333, 0.97325, 0.9764, 0.9787333333333333], "train_acc_aux": [0.87905, 0.9450166666666666, 0.9623166666666667, 0.9692833333333334, 0.9733666666666667, 0.97665, 0.9782166666666666, 0.9801, 0.9817833333333333, 0.98335], "test_loss": [0.3828988941192627, 0.28728671357631685, 0.23260287330150603, 0.19700723872184753, 0.1753963113665581, 0.15529063538312912, 0.14717373373806478, 0.13687187583744526, 0.1258385313183069, 0.11839631139338017], "test_acc_main": [0.9207, 0.9358, 0.946, 0.9542, 0.9607, 0.9642, 0.9664, 0.9685, 0.972, 0.9726], "test_acc_aux": [0.9308, 0.9546, 0.9643, 0.9703, 0.9753, 0.9767, 0.977, 0.9786, 0.98, 0.9817], "elapsed": 130.3425998687744}