{"train_loss": [1.1842687849362692, 0.5354999885241191, 0.4542929401397705, 0.41415986495018003, 0.3844379372119904, 0.36075466969013215, 0.341526234849294, 0.3266062119801839, 0.3143071179548899, 0.3038245576540629], "train_acc_main": [0.75065, 0.89625, 0.90945, 0.9174166666666667, 0.9225166666666667, 0.92625, 0.9300166666666667, 0.9322, 0.9345333333333333, 0.9368833333333333], "train_acc_aux": [0.82365, 0.8842333333333333, 0.8966833333333334, 0.9087166666666666, 0.9196333333333333, 0.9289, 0.9365166666666667, 0.9403166666666667, 0.9442833333333334, 0.9468333333333333], "test_loss": [0.5975732147216797, 0.4635755781173706, 0.4206130446910858, 0.38881227707862853, 0.3666413388252258, 0.34805185952186585, 0.33305008504390715, 0.32380052752494815, 0.3137724089741707, 0.3058037498354912], "test_acc_main": [0.8887, 0.9109, 0.9163, 0.9216, 0.9242, 0.9282, 0.9318, 0.9332, 0.9344, 0.9343], "test_acc_aux": [0.8805, 0.8932, 0.9036, 0.9156, 0.9254, 0.9312, 0.9366, 0.94, 0.9419, 0.9454], "elapsed": 103.4375913143158}