{"train_loss": [0.9524661072095235, 0.43811174907684325, 0.3596008823712667, 0.3128859761873881, 0.27978683772881824, 0.2550882133086522, 0.23488396755854288, 0.2185127950588862, 0.2045369342327118, 0.19298166551589965], "train_acc_main": [0.8139, 0.9074166666666666, 0.9216166666666666, 0.9310333333333334, 0.9381333333333334, 0.9430166666666666, 0.9483, 0.9520166666666666, 0.9546166666666667, 0.9578166666666666], "train_acc_aux": [0.8615666666666667, 0.92175, 0.9426666666666667, 0.9538, 0.9607166666666667, 0.9641333333333333, 0.96665, 0.9689, 0.97015, 0.9723], "test_loss": [0.4864456904411316, 0.3802693717718124, 0.32859173460006713, 0.29419230226278303, 0.27000961505174637, 0.24805840603113175, 0.23079543076753617, 0.21709368665218354, 0.20465376034975052, 0.1940673023402691], "test_acc_main": [0.9036, 0.9197, 0.9263, 0.932, 0.9394, 0.944, 0.9458, 0.9493, 0.9514, 0.9545], "test_acc_aux": [0.9107, 0.9336, 0.9483, 0.9559, 0.9604, 0.9644, 0.9665, 0.9674, 0.9704, 0.9707], "elapsed": 99.80989956855774}