{"train_loss": [1.1799389797846476, 0.5333310888290406, 0.4457747487227122, 0.3964488825162252, 0.35506094460487364, 0.3262768623669942, 0.3054907172997793, 0.2899495616436005, 0.2772738262017568, 0.2666054657459259], "train_acc_main": [0.7642333333333333, 0.8957833333333334, 0.9096666666666666, 0.9174333333333333, 0.9245, 0.92945, 0.9326666666666666, 0.9360333333333334, 0.9388833333333333, 0.9404833333333333], "train_acc_aux": [0.8240333333333333, 0.89025, 0.90885, 0.9247666666666666, 0.9375166666666667, 0.9459333333333333, 0.95085, 0.9547166666666667, 0.9573333333333334, 0.9588166666666667], "test_loss": [0.5997309179306031, 0.4623960315704346, 0.40586089029312133, 0.3652842480659485, 0.33467542889118196, 0.3139434583902359, 0.29822390396595, 0.2846867138147354, 0.2774838047027588, 0.2679959533691406], "test_acc_main": [0.89, 0.9096, 0.9187, 0.9232, 0.928, 0.9337, 0.9342, 0.9361, 0.938, 0.94], "test_acc_aux": [0.8747, 0.8986, 0.9198, 0.9332, 0.9449, 0.9491, 0.9529, 0.955, 0.9564, 0.957], "elapsed": 103.73705983161926}