{"train_loss": [0.7106833313147227, 0.3444881915251414, 0.2775084175745646, 0.2373354139328003, 0.20957168808778126, 0.18997058472633363, 0.17514686563014983, 0.1625950968503952, 0.151968461171786, 0.14321418966452282], "train_acc_main": [0.8542333333333333, 0.9248166666666666, 0.9384666666666667, 0.9475, 0.9534333333333334, 0.9581333333333333, 0.9610166666666666, 0.9632666666666667, 0.9665166666666667, 0.9677166666666667], "train_acc_aux": [0.8867, 0.9452166666666667, 0.9600833333333333, 0.9653666666666667, 0.9693666666666667, 0.9710833333333333, 0.97315, 0.97495, 0.97485, 0.97635], "test_loss": [0.3836067527294159, 0.30104432195425035, 0.25580556955337524, 0.2216129896402359, 0.2026389869093895, 0.18692783665060997, 0.17644069640636445, 0.1730037594795227, 0.16023460492491723, 0.15432044279575347], "test_acc_main": [0.9184, 0.9335, 0.9394, 0.9467, 0.9525, 0.9575, 0.9587, 0.9602, 0.9637, 0.9642], "test_acc_aux": [0.9331, 0.9529, 0.9628, 0.9656, 0.9683, 0.9705, 0.9723, 0.9716, 0.9734, 0.9742], "elapsed": 101.28062272071838}