{"train_loss": [0.9865809423128764, 0.45091019967397056, 0.3726184468905131, 0.32896608384450277, 0.29631471859614056, 0.27102010938326515, 0.24910132582187652, 0.23115550775527954, 0.21607755285104116, 0.20354337895313898], "train_acc_main": [0.8088166666666666, 0.9051666666666667, 0.9191666666666667, 0.9272333333333334, 0.9345333333333333, 0.9392166666666667, 0.9443166666666667, 0.9490166666666666, 0.9518666666666666, 0.9543], "train_acc_aux": [0.85735, 0.9145666666666666, 0.9379166666666666, 0.94915, 0.95525, 0.9598833333333333, 0.9627166666666667, 0.9659333333333333, 0.96805, 0.9693666666666667], "test_loss": [0.5002603614807128, 0.3882078938484192, 0.34366389651298523, 0.30581028044223785, 0.28416044553518294, 0.26261826688051226, 0.24315687450170517, 0.22686374680399896, 0.21622373924851418, 0.2056814577102661], "test_acc_main": [0.8989, 0.9171, 0.9238, 0.9314, 0.9357, 0.9413, 0.9446, 0.9481, 0.9504, 0.9541], "test_acc_aux": [0.9025, 0.9307, 0.9429, 0.9523, 0.9556, 0.9586, 0.9616, 0.9652, 0.9665, 0.9692], "elapsed": 101.7998423576355}