{"train_loss": [0.9276509834925334, 0.4625660463651021, 0.38909494506518044, 0.3436716046333313, 0.31489708393414817, 0.29551144235928856, 0.28142042346000673, 0.2703303119579951, 0.2617576635678609, 0.25394994955062866], "train_acc_main": [0.8027, 0.9088, 0.9213833333333333, 0.9274666666666667, 0.9327666666666666, 0.9365, 0.9389166666666666, 0.9417833333333333, 0.9437833333333333, 0.9447], "train_acc_aux": [0.8501, 0.89555, 0.91685, 0.9363, 0.9458, 0.9512833333333334, 0.9542, 0.9557833333333333, 0.9569, 0.9578333333333333], "test_loss": [0.501786676979065, 0.4053048675537109, 0.35594752368927, 0.3224039825677872, 0.3039260905981064, 0.2934337817430496, 0.28021791634559634, 0.27994522650241854, 0.2659074715614319, 0.26266032761335373], "test_acc_main": [0.902, 0.9214, 0.9248, 0.9323, 0.9335, 0.9374, 0.938, 0.9392, 0.9418, 0.9401], "test_acc_aux": [0.8884, 0.9071, 0.9282, 0.9431, 0.9492, 0.9504, 0.9534, 0.9527, 0.9582, 0.9587], "elapsed": 101.88157963752747}