{"train_loss": [0.7509351879119873, 0.3629314079284668, 0.2997373285452525, 0.26137531514167783, 0.23079943614006043, 0.20803987054030101, 0.1903572834332784, 0.17561474285920461, 0.1643052789847056, 0.15462502629756927], "train_acc_main": [0.8478, 0.9214666666666667, 0.9342833333333334, 0.9424166666666667, 0.9479666666666666, 0.9533333333333334, 0.9574666666666667, 0.9605666666666667, 0.9633666666666667, 0.9651666666666666], "train_acc_aux": [0.8805833333333334, 0.9405166666666667, 0.9537833333333333, 0.9601333333333333, 0.9650166666666666, 0.9676666666666667, 0.9707833333333333, 0.9723666666666667, 0.9738, 0.97525], "test_loss": [0.4042116178035736, 0.3181947385311127, 0.27871924059391023, 0.2466799341440201, 0.22801023670434953, 0.20869020316004752, 0.19557133123874665, 0.18155102964639663, 0.17408524107933043, 0.16709744636118412], "test_acc_main": [0.9147, 0.9294, 0.9369, 0.9446, 0.9481, 0.9536, 0.9554, 0.9593, 0.9608, 0.9624], "test_acc_aux": [0.9255, 0.9478, 0.9552, 0.9603, 0.9628, 0.9661, 0.9668, 0.9701, 0.9723, 0.9745], "elapsed": 97.40783143043518}