{"train_loss": [0.606649339389801, 0.2895378175020218, 0.2226651267051697, 0.1808367760101954, 0.1534519990046819, 0.13319904922644296, 0.11760638573567073, 0.10574810783863067, 0.09479862629771232, 0.08589696570634842], "train_acc_main": [0.8769166666666667, 0.9342, 0.9497833333333333, 0.9587833333333333, 0.9658, 0.9702333333333333, 0.97455, 0.9772166666666666, 0.97955, 0.9814833333333334], "train_acc_aux": [0.90105, 0.9581666666666667, 0.96765, 0.9729833333333333, 0.97685, 0.9792, 0.9810166666666666, 0.9816333333333334, 0.9836833333333334, 0.98415], "test_loss": [0.329683752477169, 0.24431852595806122, 0.20409987437725066, 0.16527666283845902, 0.15349399310052395, 0.13678978744745254, 0.12754226638674737, 0.12364183478355407, 0.11642068526223302, 0.11661575446724892], "test_acc_main": [0.9288, 0.9431, 0.9529, 0.9628, 0.9654, 0.9681, 0.9719, 0.9723, 0.9746, 0.9749], "test_acc_aux": [0.9473, 0.9637, 0.9693, 0.9752, 0.9776, 0.9794, 0.9807, 0.9806, 0.9801, 0.9816], "elapsed": 116.49567747116089}