{"train_loss": [0.8702066650072734, 0.420821648534139, 0.35285220019022623, 0.3154219698746999, 0.2889845317999522, 0.2660876962502797, 0.24980916349093119, 0.2377729736884435, 0.227352250568072, 0.21837744127909342], "train_acc_main": [0.82615, 0.91225, 0.9246333333333333, 0.9318166666666666, 0.9369166666666666, 0.9406, 0.94395, 0.9468833333333333, 0.9480333333333333, 0.9509], "train_acc_aux": [0.85475, 0.9203333333333333, 0.93945, 0.9488166666666666, 0.9544833333333334, 0.9586333333333333, 0.9617166666666667, 0.9629166666666666, 0.9650166666666666, 0.9659], "test_loss": [0.4616072343826294, 0.3740408613681793, 0.32395186758041383, 0.2998524946093559, 0.27652573313713075, 0.2601632769584656, 0.25102084028720856, 0.2368118701338768, 0.2307471661567688, 0.22562996381521225], "test_acc_main": [0.9085, 0.9228, 0.9311, 0.9337, 0.9387, 0.941, 0.9435, 0.9455, 0.9474, 0.9502], "test_acc_aux": [0.8996, 0.93, 0.946, 0.9493, 0.9536, 0.9574, 0.9576, 0.9607, 0.9621, 0.9634], "elapsed": 112.55559229850769}