{"train_loss": [0.5279610172430674, 0.24852520519097646, 0.18390222512086232, 0.1452496641556422, 0.11978170835971833, 0.10104713502327602, 0.08673075368404388, 0.07475731523831686, 0.06473100905021031, 0.05618207775553068], "train_acc_main": [0.8932666666666667, 0.9443166666666667, 0.9587166666666667, 0.9677, 0.9736166666666667, 0.9778166666666667, 0.9818833333333333, 0.9850166666666667, 0.9871166666666666, 0.9891166666666666], "train_acc_aux": [0.9126166666666666, 0.9634333333333334, 0.9724666666666667, 0.9771666666666666, 0.9795333333333334, 0.9818666666666667, 0.9838666666666667, 0.9855166666666667, 0.9872166666666666, 0.9883833333333333], "test_loss": [0.29458560793399813, 0.21549589380025863, 0.17739948019385338, 0.1444484122723341, 0.13125732966959477, 0.11405692677795887, 0.1082404958307743, 0.10638618607521057, 0.10176698037665337, 0.09490571551825851], "test_acc_main": [0.9349, 0.9491, 0.9592, 0.9673, 0.9703, 0.9741, 0.9765, 0.9763, 0.9752, 0.9793], "test_acc_aux": [0.9518, 0.9675, 0.9728, 0.9784, 0.9807, 0.9817, 0.9813, 0.9824, 0.9827, 0.9839], "elapsed": 119.79707479476929}