{"train_loss": [0.8014331269105276, 0.38427893180847167, 0.3097218507925669, 0.2655736796140671, 0.2326401977777481, 0.20772788875897724, 0.18672614343166352, 0.17092725994586944, 0.1566910881280899, 0.14501745968659718], "train_acc_main": [0.8445333333333334, 0.91825, 0.9325666666666667, 0.9419166666666666, 0.9487333333333333, 0.9533166666666667, 0.95855, 0.9616666666666667, 0.9658333333333333, 0.9682333333333333], "train_acc_aux": [0.8732166666666666, 0.9336, 0.9525666666666667, 0.9603666666666667, 0.9648166666666667, 0.9687166666666667, 0.9721, 0.9740333333333333, 0.9759833333333333, 0.9771166666666666], "test_loss": [0.4278764660358429, 0.3325049705982208, 0.28239136567115786, 0.24839485357999802, 0.2247890366792679, 0.2037096670627594, 0.19154741196632386, 0.1771038763999939, 0.16786921418905257, 0.15576071413755416], "test_acc_main": [0.914, 0.927, 0.9376, 0.9429, 0.9495, 0.954, 0.9577, 0.9588, 0.9609, 0.964], "test_acc_aux": [0.9193, 0.9467, 0.9567, 0.9631, 0.9656, 0.9699, 0.9722, 0.9737, 0.9747, 0.976], "elapsed": 120.77762961387634}