{"train_loss": [0.8041819569269816, 0.37258975303967795, 0.29904134159088136, 0.2554073093175888, 0.22370919311841328, 0.1984739442586899, 0.17779650190671284, 0.16228395174344382, 0.14796262416442235, 0.1374108372370402], "train_acc_main": [0.8489666666666666, 0.91965, 0.9327833333333333, 0.9420666666666667, 0.9492, 0.9554333333333334, 0.9601833333333334, 0.9639666666666666, 0.9666333333333333, 0.96935], "train_acc_aux": [0.8687666666666667, 0.9393666666666667, 0.9569166666666666, 0.96385, 0.96835, 0.97155, 0.97425, 0.9758333333333333, 0.9777333333333333, 0.9786], "test_loss": [0.4174009961128235, 0.31840238966941836, 0.27010323408842085, 0.23623174216151238, 0.21318869760036468, 0.19005176349282266, 0.17453118173480034, 0.16319877161979676, 0.15304688176512718, 0.14636281238496304], "test_acc_main": [0.915, 0.9307, 0.9404, 0.946, 0.952, 0.9555, 0.9585, 0.9614, 0.9641, 0.9664], "test_acc_aux": [0.9229, 0.951, 0.9598, 0.9641, 0.9684, 0.9727, 0.9748, 0.9758, 0.9757, 0.9779], "elapsed": 118.79295921325684}