{"train_loss": [0.6078535725434622, 0.30045688781738283, 0.23196384336948395, 0.19165461540222167, 0.16208749827543895, 0.14201814937591553, 0.12559125552972158, 0.11308746649026871, 0.10246045935551326, 0.09290626444021861], "train_acc_main": [0.8759333333333333, 0.9339, 0.9483666666666667, 0.9574833333333334, 0.9640166666666666, 0.96835, 0.972, 0.9751, 0.97755, 0.9803], "train_acc_aux": [0.9003666666666666, 0.95355, 0.9642833333333334, 0.9708666666666667, 0.9744333333333334, 0.97695, 0.97895, 0.9798833333333333, 0.98175, 0.9827833333333333], "test_loss": [0.3405080647230148, 0.25610200247764586, 0.2134324270069599, 0.18129330463409424, 0.17056821586191653, 0.15354961743950843, 0.14878278665691613, 0.13989995724260806, 0.13470558154881002, 0.12561431242227555], "test_acc_main": [0.9244, 0.9416, 0.9516, 0.9573, 0.9624, 0.9655, 0.9657, 0.9688, 0.9699, 0.9711], "test_acc_aux": [0.9461, 0.9601, 0.969, 0.9719, 0.9726, 0.9753, 0.9771, 0.9785, 0.9795, 0.9805], "elapsed": 112.85816431045532}