{"mnist_exp_hidden_dim16_lr0.001_s0": {"train_loss": [0.8702066650072734, 0.420821648534139, 0.35285220019022623, 0.3154219698746999, 0.2889845317999522, 0.2660876962502797, 0.24980916349093119, 0.2377729736884435, 0.227352250568072, 0.21837744127909342], "train_acc_main": [0.82615, 0.91225, 0.9246333333333333, 0.9318166666666666, 0.9369166666666666, 0.9406, 0.94395, 0.9468833333333333, 0.9480333333333333, 0.9509], "train_acc_aux": [0.85475, 0.9203333333333333, 0.93945, 0.9488166666666666, 0.9544833333333334, 0.9586333333333333, 0.9617166666666667, 0.9629166666666666, 0.9650166666666666, 0.9659], "test_loss": [0.4616072343826294, 0.3740408613681793, 0.32395186758041383, 0.2998524946093559, 0.27652573313713075, 0.2601632769584656, 0.25102084028720856, 0.2368118701338768, 0.2307471661567688, 0.22562996381521225], "test_acc_main": [0.9085, 0.9228, 0.9311, 0.9337, 0.9387, 0.941, 0.9435, 0.9455, 0.9474, 0.9502], "test_acc_aux": [0.8996, 0.93, 0.946, 0.9493, 0.9536, 0.9574, 0.9576, 0.9607, 0.9621, 0.9634], "elapsed": 112.55559229850769}, "mnist_exp_hidden_dim16_lr0.001_s1": {"train_loss": [0.9276509834925334, 0.4625660463651021, 0.38909494506518044, 0.3436716046333313, 0.31489708393414817, 0.29551144235928856, 0.28142042346000673, 0.2703303119579951, 0.2617576635678609, 0.25394994955062866], "train_acc_main": [0.8027, 0.9088, 0.9213833333333333, 0.9274666666666667, 0.9327666666666666, 0.9365, 0.9389166666666666, 0.9417833333333333, 0.9437833333333333, 0.9447], "train_acc_aux": [0.8501, 0.89555, 0.91685, 0.9363, 0.9458, 0.9512833333333334, 0.9542, 0.9557833333333333, 0.9569, 0.9578333333333333], "test_loss": [0.501786676979065, 0.4053048675537109, 0.35594752368927, 0.3224039825677872, 0.3039260905981064, 0.2934337817430496, 0.28021791634559634, 0.27994522650241854, 0.2659074715614319, 0.26266032761335373], "test_acc_main": [0.902, 0.9214, 0.9248, 0.9323, 0.9335, 0.9374, 0.938, 0.9392, 0.9418, 0.9401], "test_acc_aux": [0.8884, 0.9071, 0.9282, 0.9431, 0.9492, 0.9504, 0.9534, 0.9527, 0.9582, 0.9587], "elapsed": 101.88157963752747}, "mnist_exp_hidden_dim16_lr0.0005_s0": {"train_loss": [1.1799389797846476, 0.5333310888290406, 0.4457747487227122, 0.3964488825162252, 0.35506094460487364, 0.3262768623669942, 0.3054907172997793, 0.2899495616436005, 0.2772738262017568, 0.2666054657459259], "train_acc_main": [0.7642333333333333, 0.8957833333333334, 0.9096666666666666, 0.9174333333333333, 0.9245, 0.92945, 0.9326666666666666, 0.9360333333333334, 0.9388833333333333, 0.9404833333333333], "train_acc_aux": [0.8240333333333333, 0.89025, 0.90885, 0.9247666666666666, 0.9375166666666667, 0.9459333333333333, 0.95085, 0.9547166666666667, 0.9573333333333334, 0.9588166666666667], "test_loss": [0.5997309179306031, 0.4623960315704346, 0.40586089029312133, 0.3652842480659485, 0.33467542889118196, 0.3139434583902359, 0.29822390396595, 0.2846867138147354, 0.2774838047027588, 0.2679959533691406], "test_acc_main": [0.89, 0.9096, 0.9187, 0.9232, 0.928, 0.9337, 0.9342, 0.9361, 0.938, 0.94], "test_acc_aux": [0.8747, 0.8986, 0.9198, 0.9332, 0.9449, 0.9491, 0.9529, 0.955, 0.9564, 0.957], "elapsed": 103.73705983161926}, "mnist_exp_hidden_dim16_lr0.0005_s1": {"train_loss": [1.1842687849362692, 0.5354999885241191, 0.4542929401397705, 0.41415986495018003, 0.3844379372119904, 0.36075466969013215, 0.341526234849294, 0.3266062119801839, 0.3143071179548899, 0.3038245576540629], "train_acc_main": [0.75065, 0.89625, 0.90945, 0.9174166666666667, 0.9225166666666667, 0.92625, 0.9300166666666667, 0.9322, 0.9345333333333333, 0.9368833333333333], "train_acc_aux": [0.82365, 0.8842333333333333, 0.8966833333333334, 0.9087166666666666, 0.9196333333333333, 0.9289, 0.9365166666666667, 0.9403166666666667, 0.9442833333333334, 0.9468333333333333], "test_loss": [0.5975732147216797, 0.4635755781173706, 0.4206130446910858, 0.38881227707862853, 0.3666413388252258, 0.34805185952186585, 0.33305008504390715, 0.32380052752494815, 0.3137724089741707, 0.3058037498354912], "test_acc_main": [0.8887, 0.9109, 0.9163, 0.9216, 0.9242, 0.9282, 0.9318, 0.9332, 0.9344, 0.9343], "test_acc_aux": [0.8805, 0.8932, 0.9036, 0.9156, 0.9254, 0.9312, 0.9366, 0.94, 0.9419, 0.9454], "elapsed": 103.4375913143158}, "mnist_exp_hidden_dim32_lr0.001_s0": {"train_loss": [0.7509351879119873, 0.3629314079284668, 0.2997373285452525, 0.26137531514167783, 0.23079943614006043, 0.20803987054030101, 0.1903572834332784, 0.17561474285920461, 0.1643052789847056, 0.15462502629756927], "train_acc_main": [0.8478, 0.9214666666666667, 0.9342833333333334, 0.9424166666666667, 0.9479666666666666, 0.9533333333333334, 0.9574666666666667, 0.9605666666666667, 0.9633666666666667, 0.9651666666666666], "train_acc_aux": [0.8805833333333334, 0.9405166666666667, 0.9537833333333333, 0.9601333333333333, 0.9650166666666666, 0.9676666666666667, 0.9707833333333333, 0.9723666666666667, 0.9738, 0.97525], "test_loss": [0.4042116178035736, 0.3181947385311127, 0.27871924059391023, 0.2466799341440201, 0.22801023670434953, 0.20869020316004752, 0.19557133123874665, 0.18155102964639663, 0.17408524107933043, 0.16709744636118412], "test_acc_main": [0.9147, 0.9294, 0.9369, 0.9446, 0.9481, 0.9536, 0.9554, 0.9593, 0.9608, 0.9624], "test_acc_aux": [0.9255, 0.9478, 0.9552, 0.9603, 0.9628, 0.9661, 0.9668, 0.9701, 0.9723, 0.9745], "elapsed": 97.40783143043518}, "mnist_exp_hidden_dim32_lr0.001_s1": {"train_loss": [0.7106833313147227, 0.3444881915251414, 0.2775084175745646, 0.2373354139328003, 0.20957168808778126, 0.18997058472633363, 0.17514686563014983, 0.1625950968503952, 0.151968461171786, 0.14321418966452282], "train_acc_main": [0.8542333333333333, 0.9248166666666666, 0.9384666666666667, 0.9475, 0.9534333333333334, 0.9581333333333333, 0.9610166666666666, 0.9632666666666667, 0.9665166666666667, 0.9677166666666667], "train_acc_aux": [0.8867, 0.9452166666666667, 0.9600833333333333, 0.9653666666666667, 0.9693666666666667, 0.9710833333333333, 0.97315, 0.97495, 0.97485, 0.97635], "test_loss": [0.3836067527294159, 0.30104432195425035, 0.25580556955337524, 0.2216129896402359, 0.2026389869093895, 0.18692783665060997, 0.17644069640636445, 0.1730037594795227, 0.16023460492491723, 0.15432044279575347], "test_acc_main": [0.9184, 0.9335, 0.9394, 0.9467, 0.9525, 0.9575, 0.9587, 0.9602, 0.9637, 0.9642], "test_acc_aux": [0.9331, 0.9529, 0.9628, 0.9656, 0.9683, 0.9705, 0.9723, 0.9716, 0.9734, 0.9742], "elapsed": 101.28062272071838}, "mnist_exp_hidden_dim32_lr0.0005_s0": {"train_loss": [0.9865809423128764, 0.45091019967397056, 0.3726184468905131, 0.32896608384450277, 0.29631471859614056, 0.27102010938326515, 0.24910132582187652, 0.23115550775527954, 0.21607755285104116, 0.20354337895313898], "train_acc_main": [0.8088166666666666, 0.9051666666666667, 0.9191666666666667, 0.9272333333333334, 0.9345333333333333, 0.9392166666666667, 0.9443166666666667, 0.9490166666666666, 0.9518666666666666, 0.9543], "train_acc_aux": [0.85735, 0.9145666666666666, 0.9379166666666666, 0.94915, 0.95525, 0.9598833333333333, 0.9627166666666667, 0.9659333333333333, 0.96805, 0.9693666666666667], "test_loss": [0.5002603614807128, 0.3882078938484192, 0.34366389651298523, 0.30581028044223785, 0.28416044553518294, 0.26261826688051226, 0.24315687450170517, 0.22686374680399896, 0.21622373924851418, 0.2056814577102661], "test_acc_main": [0.8989, 0.9171, 0.9238, 0.9314, 0.9357, 0.9413, 0.9446, 0.9481, 0.9504, 0.9541], "test_acc_aux": [0.9025, 0.9307, 0.9429, 0.9523, 0.9556, 0.9586, 0.9616, 0.9652, 0.9665, 0.9692], "elapsed": 101.7998423576355}, "mnist_exp_hidden_dim32_lr0.0005_s1": {"train_loss": [0.9524661072095235, 0.43811174907684325, 0.3596008823712667, 0.3128859761873881, 0.27978683772881824, 0.2550882133086522, 0.23488396755854288, 0.2185127950588862, 0.2045369342327118, 0.19298166551589965], "train_acc_main": [0.8139, 0.9074166666666666, 0.9216166666666666, 0.9310333333333334, 0.9381333333333334, 0.9430166666666666, 0.9483, 0.9520166666666666, 0.9546166666666667, 0.9578166666666666],